{"noiseKey":{"private":{"type":"Buffer","data":"GG8ZCDx3zL+iZjJN04LOijy5B1WVWTWRNeK0+1Sh3no="},"public":{"type":"Buffer","data":"jKjRAYbw91mPEiux56hYe5yNdeEoBqmCSepgfDvKdms="}},"pairingEphemeralKeyPair":{"private":{"type":"Buffer","data":"aAQkQyCLqxECNinD6j+I0xfMB58YSq3n8sXqi0mtoXw="},"public":{"type":"Buffer","data":"4xDhwClqQG6db7g8V3qI0iCB2cRd60vnIe/yNOS1K38="}},"signedIdentityKey":{"private":{"type":"Buffer","data":"MEsnI43CbdcpSlm0JnT+0l273PtzU7uDD+9KegaSAGw="},"public":{"type":"Buffer","data":"nXzxlXZG6UBFTSQzznqpxJMje4czQpSr3dUrSLZFjgw="}},"signedPreKey":{"keyPair":{"private":{"type":"Buffer","data":"sAFWA16pIsEIjoO3LuUpjjcsGHlSDa09wGur+JM6q3w="},"public":{"type":"Buffer","data":"taJ02tTEW3B65hVAT/flENlZ8eakiXOpbqyrY4BzeT4="}},"signature":{"type":"Buffer","data":"geCOZ3IGfS3hDuLbhy2mgBSJFfTpChxQzraQ3ouPPNX3of8t1QS/Oa3WiLBA+PmMAijXvySeRYsydXLoblROjg=="},"keyId":1},"registrationId":244,"advSecretKey":"qWI1th2+X1orbegb5lnml09YsJNvBlqGvBCgNFg5wgg=","processedHistoryMessages":[],"nextPreKeyId":31,"firstUnuploadedPreKeyId":31,"accountSyncCounter":1,"accountSettings":{"unarchiveChats":false},"deviceId":"fRrQ5zH8TIuz7Xy2XlK4CQ","phoneId":"3d3a0a23-df2d-47a0-ad96-4ed535249f75","identityId":{"type":"Buffer","data":"HYsYYWjweyTt0n9/zPY9hjgHzAc="},"registered":true,"backupToken":{"type":"Buffer","data":"+vRsyvhM8eXW/SBuVNq3056mLuM="},"registration":{},"pairingCode":"H217BTPA","me":{"id":"2348140825959:12@s.whatsapp.net","lid":"162148101709987:12@lid","name":"BAD BOI"},"account":{"details":"CJ/Ni4UOENjzzLQGGAEgACgA","accountSignatureKey":"klT5LPb+wKGjBZFttHgFhZA+hTaktD8s4ygszna63D0=","accountSignature":"muvzkNBFDl1CvEmqWLvFpAIegINAY0eu9Vuv0QuBTlo1WjeqDiP0pdkMWq2OMJAFrIAZPC6Bdbfmk5p0VR6NjQ==","deviceSignature":"ukh1Jeu8B7ACBBKqG059+PyfGkhdjVmTr5PcCNxlb1+p0UvoTA8GHgb8Ux1igoCOiVk5lncLt2emtx/+5bbpgQ=="},"signalIdentities":[{"identifier":{"name":"2348140825959:12@s.whatsapp.net","deviceId":0},"identifierKey":{"type":"Buffer","data":"BZJU+Sz2/sChowWRbbR4BYWQPoU2pLQ/LOMoLM52utw9"}}],"platform":"iphone","lastAccountSyncTimestamp":1720924634,"myAppStateKeyId":"AAAAAC5w"}